sample,fastq_1,fastq_2,strandedness
35_F1,/input/genomic/fish/Chrysophrys/auratus/Transcriptome/ExperimentRequestor11004/AGRF_CAGRF230213448_HHLWVDSX7/SNA_35_mid_HHLWVDSX7_CCAAGAGGTG-CTGGCTCGTT_L004_R1.fastq.gz,/input/genomic/fish/Chrysophrys/auratus/Transcriptome/ExperimentRequestor11004/AGRF_CAGRF230213448_HHLWVDSX7/SNA_35_mid_HHLWVDSX7_CCAAGAGGTG-CTGGCTCGTT_L004_R2.fastq.gz,reverse
36_F1,/input/genomic/fish/Chrysophrys/auratus/Transcriptome/ExperimentRequestor11004/AGRF_CAGRF230213448_HHLWVDSX7/SNA_36_mid_HHLWVDSX7_ATATCTGCTT-AGATTGTCTA_L004_R1.fastq.gz,/input/genomic/fish/Chrysophrys/auratus/Transcriptome/ExperimentRequestor11004/AGRF_CAGRF230213448_HHLWVDSX7/SNA_36_mid_HHLWVDSX7_ATATCTGCTT-AGATTGTCTA_L004_R2.fastq.gz,reverse
51_F1,/input/genomic/fish/Chrysophrys/auratus/Transcriptome/ExperimentRequestor11004/AGRF_CAGRF230213448_HHLWVDSX7/SNA_51_mid_HHLWVDSX7_TAAGGAGGAA-AATGTCGGAA_L004_R1.fastq.gz,/input/genomic/fish/Chrysophrys/auratus/Transcriptome/ExperimentRequestor11004/AGRF_CAGRF230213448_HHLWVDSX7/SNA_51_mid_HHLWVDSX7_TAAGGAGGAA-AATGTCGGAA_L004_R2.fastq.gz,reverse
54_F1,/input/genomic/fish/Chrysophrys/auratus/Transcriptome/ExperimentRequestor11004/AGRF_CAGRF230213448_HHLWVDSX7/SNA_54_mid_HHLWVDSX7_AGCTTACACA-GGTCGTGCCA_L004_R1.fastq.gz,/input/genomic/fish/Chrysophrys/auratus/Transcriptome/ExperimentRequestor11004/AGRF_CAGRF230213448_HHLWVDSX7/SNA_54_mid_HHLWVDSX7_AGCTTACACA-GGTCGTGCCA_L004_R2.fastq.gz,reverse
55_F1,/input/genomic/fish/Chrysophrys/auratus/Transcriptome/ExperimentRequestor11004/AGRF_CAGRF230213448_HHLWVDSX7/SNA_55_mid_HHLWVDSX7_AACCAGCCAC-GTGCTGTGGC_L004_R1.fastq.gz,/input/genomic/fish/Chrysophrys/auratus/Transcriptome/ExperimentRequestor11004/AGRF_CAGRF230213448_HHLWVDSX7/SNA_55_mid_HHLWVDSX7_AACCAGCCAC-GTGCTGTGGC_L004_R2.fastq.gz,reverse
65_F1,/input/genomic/fish/Chrysophrys/auratus/Transcriptome/ExperimentRequestor11004/AGRF_CAGRF230213448_HHLWVDSX7/SNA_65_mid_HHLWVDSX7_TCACCGCGCT-CTAGTATCGA_L004_R1.fastq.gz,/input/genomic/fish/Chrysophrys/auratus/Transcriptome/ExperimentRequestor11004/AGRF_CAGRF230213448_HHLWVDSX7/SNA_65_mid_HHLWVDSX7_TCACCGCGCT-CTAGTATCGA_L004_R2.fastq.gz,reverse
66_F1,/input/genomic/fish/Chrysophrys/auratus/Transcriptome/ExperimentRequestor11004/AGRF_CAGRF230213448_HHLWVDSX7/SNA_66_mid_HHLWVDSX7_GATAGCCTTG-CATTGTGGTA_L004_R1.fastq.gz,/input/genomic/fish/Chrysophrys/auratus/Transcriptome/ExperimentRequestor11004/AGRF_CAGRF230213448_HHLWVDSX7/SNA_66_mid_HHLWVDSX7_GATAGCCTTG-CATTGTGGTA_L004_R2.fastq.gz,reverse
83_F3,/input/genomic/fish/Chrysophrys/auratus/Transcriptome/ExperimentRequestor11004/AGRF_CAGRF230213448_HHLWVDSX7/SNA_83_mid_HHLWVDSX7_CCTGGACGCA-TGGTATACCA_L004_R1.fastq.gz,/input/genomic/fish/Chrysophrys/auratus/Transcriptome/ExperimentRequestor11004/AGRF_CAGRF230213448_HHLWVDSX7/SNA_83_mid_HHLWVDSX7_CCTGGACGCA-TGGTATACCA_L004_R2.fastq.gz,reverse
101_F3,/input/genomic/fish/Chrysophrys/auratus/Transcriptome/ExperimentRequestor11004/AGRF_CAGRF230213448_HHLWVDSX7/SNA_101_mid_HHLWVDSX7_CAACTGCAAC-GTTGCGTTCA_L004_R1.fastq.gz,/input/genomic/fish/Chrysophrys/auratus/Transcriptome/ExperimentRequestor11004/AGRF_CAGRF230213448_HHLWVDSX7/SNA_101_mid_HHLWVDSX7_CAACTGCAAC-GTTGCGTTCA_L004_R2.fastq.gz,reverse
114_F4,/input/genomic/fish/Chrysophrys/auratus/Transcriptome/ExperimentRequestor11004/AGRF_CAGRF230213448_HHLWVDSX7/SNA_114_mid_HHLWVDSX7_ACATGAGTGA-AGCTAAGCGG_L004_R1.fastq.gz,/input/genomic/fish/Chrysophrys/auratus/Transcriptome/ExperimentRequestor11004/AGRF_CAGRF230213448_HHLWVDSX7/SNA_114_mid_HHLWVDSX7_ACATGAGTGA-AGCTAAGCGG_L004_R2.fastq.gz,reverse
117_F3,/input/genomic/fish/Chrysophrys/auratus/Transcriptome/ExperimentRequestor11004/AGRF_CAGRF230213448_HHLWVDSX7/SNA_117_mid_HHLWVDSX7_GCAACCAGTC-TTCCTCGGTG_L004_R1.fastq.gz,/input/genomic/fish/Chrysophrys/auratus/Transcriptome/ExperimentRequestor11004/AGRF_CAGRF230213448_HHLWVDSX7/SNA_117_mid_HHLWVDSX7_GCAACCAGTC-TTCCTCGGTG_L004_R2.fastq.gz,reverse
119_F3,/input/genomic/fish/Chrysophrys/auratus/Transcriptome/ExperimentRequestor11004/AGRF_CAGRF230213448_HHLWVDSX7/SNA_119_mid_HHLWVDSX7_GAGCGACGAT-TGATTATACG_L004_R1.fastq.gz,/input/genomic/fish/Chrysophrys/auratus/Transcriptome/ExperimentRequestor11004/AGRF_CAGRF230213448_HHLWVDSX7/SNA_119_mid_HHLWVDSX7_GAGCGACGAT-TGATTATACG_L004_R2.fastq.gz,reverse
123_F4,/input/genomic/fish/Chrysophrys/auratus/Transcriptome/ExperimentRequestor11004/AGRF_CAGRF230213448_HHLWVDSX7/SNA_123_mid_HHLWVDSX7_TGGATCTGGC-TTCAGCATTG_L004_R1.fastq.gz,/input/genomic/fish/Chrysophrys/auratus/Transcriptome/ExperimentRequestor11004/AGRF_CAGRF230213448_HHLWVDSX7/SNA_123_mid_HHLWVDSX7_TGGATCTGGC-TTCAGCATTG_L004_R2.fastq.gz,reverse
124_F4,/input/genomic/fish/Chrysophrys/auratus/Transcriptome/ExperimentRequestor11004/AGRF_CAGRF230213448_HHLWVDSX7/SNA_124_mid_HHLWVDSX7_TTGAATCCAA-ACACCGTGAC_L004_R1.fastq.gz,/input/genomic/fish/Chrysophrys/auratus/Transcriptome/ExperimentRequestor11004/AGRF_CAGRF230213448_HHLWVDSX7/SNA_124_mid_HHLWVDSX7_TTGAATCCAA-ACACCGTGAC_L004_R2.fastq.gz,reverse
134_F5,/input/genomic/fish/Chrysophrys/auratus/Transcriptome/ExperimentRequestor11004/AGRF_CAGRF230213448_HHLWVDSX7/SNA_134_mid_HHLWVDSX7_TTACGCACCT-CAACGAGAGC_L004_R1.fastq.gz,/input/genomic/fish/Chrysophrys/auratus/Transcriptome/ExperimentRequestor11004/AGRF_CAGRF230213448_HHLWVDSX7/SNA_134_mid_HHLWVDSX7_TTACGCACCT-CAACGAGAGC_L004_R2.fastq.gz,reverse
142_F5,/input/genomic/fish/Chrysophrys/auratus/Transcriptome/ExperimentRequestor11004/AGRF_CAGRF230213448_HHLWVDSX7/SNA_142_mid_HHLWVDSX7_CGAACGCACC-GTTCTGTCAT_L004_R1.fastq.gz,/input/genomic/fish/Chrysophrys/auratus/Transcriptome/ExperimentRequestor11004/AGRF_CAGRF230213448_HHLWVDSX7/SNA_142_mid_HHLWVDSX7_CGAACGCACC-GTTCTGTCAT_L004_R2.fastq.gz,reverse
154_F5,/input/genomic/fish/Chrysophrys/auratus/Transcriptome/ExperimentRequestor11004/AGRF_CAGRF230213448_HHLWVDSX7/SNA_154_mid_HHLWVDSX7_TCTTACGCCG-TGCAATGAAT_L004_R1.fastq.gz,/input/genomic/fish/Chrysophrys/auratus/Transcriptome/ExperimentRequestor11004/AGRF_CAGRF230213448_HHLWVDSX7/SNA_154_mid_HHLWVDSX7_TCTTACGCCG-TGCAATGAAT_L004_R2.fastq.gz,reverse
158_F5,/input/genomic/fish/Chrysophrys/auratus/Transcriptome/ExperimentRequestor11004/AGRF_CAGRF230213448_HHLWVDSX7/SNA_158_mid_HHLWVDSX7_AGCTGATGTC-CAGGACATGA_L004_R1.fastq.gz,/input/genomic/fish/Chrysophrys/auratus/Transcriptome/ExperimentRequestor11004/AGRF_CAGRF230213448_HHLWVDSX7/SNA_158_mid_HHLWVDSX7_AGCTGATGTC-CAGGACATGA_L004_R2.fastq.gz,reverse
159_F5,/input/genomic/fish/Chrysophrys/auratus/Transcriptome/ExperimentRequestor11004/AGRF_CAGRF230213448_HHLWVDSX7/SNA_159_mid_HHLWVDSX7_CTGAATTAGT-CGATCGAATT_L004_R1.fastq.gz,/input/genomic/fish/Chrysophrys/auratus/Transcriptome/ExperimentRequestor11004/AGRF_CAGRF230213448_HHLWVDSX7/SNA_159_mid_HHLWVDSX7_CTGAATTAGT-CGATCGAATT_L004_R2.fastq.gz,reverse
173_F5,/input/genomic/fish/Chrysophrys/auratus/Transcriptome/ExperimentRequestor11004/AGRF_CAGRF230213448_HHLWVDSX7/SNA_173_mid_HHLWVDSX7_CACGGCTAGT-CTTGTACACC_L004_R1.fastq.gz,/input/genomic/fish/Chrysophrys/auratus/Transcriptome/ExperimentRequestor11004/AGRF_CAGRF230213448_HHLWVDSX7/SNA_173_mid_HHLWVDSX7_CACGGCTAGT-CTTGTACACC_L004_R2.fastq.gz,reverse
176_F5,/input/genomic/fish/Chrysophrys/auratus/Transcriptome/ExperimentRequestor11004/AGRF_CAGRF230213448_HHLWVDSX7/SNA_176_mid_HHLWVDSX7_GAGCTTGCCG-CCTGCAACCT_L004_R1.fastq.gz,/input/genomic/fish/Chrysophrys/auratus/Transcriptome/ExperimentRequestor11004/AGRF_CAGRF230213448_HHLWVDSX7/SNA_176_mid_HHLWVDSX7_GAGCTTGCCG-CCTGCAACCT_L004_R2.fastq.gz,reverse
45_M3,/input/genomic/fish/Chrysophrys/auratus/Transcriptome/ExperimentRequestor11004/AGRF_CAGRF230213448_HHLWVDSX7/SNA_45_mid_HHLWVDSX7_AGCGCTGTGT-GTTCCGAACG_L004_R1.fastq.gz,/input/genomic/fish/Chrysophrys/auratus/Transcriptome/ExperimentRequestor11004/AGRF_CAGRF230213448_HHLWVDSX7/SNA_45_mid_HHLWVDSX7_AGCGCTGTGT-GTTCCGAACG_L004_R2.fastq.gz,reverse
69_M3,/input/genomic/fish/Chrysophrys/auratus/Transcriptome/ExperimentRequestor11004/AGRF_CAGRF230213448_HHLWVDSX7/SNA_69_mid_HHLWVDSX7_AGCTAGCTTC-CTCCGTATTA_L004_R1.fastq.gz,/input/genomic/fish/Chrysophrys/auratus/Transcriptome/ExperimentRequestor11004/AGRF_CAGRF230213448_HHLWVDSX7/SNA_69_mid_HHLWVDSX7_AGCTAGCTTC-CTCCGTATTA_L004_R2.fastq.gz,reverse
70_M3,/input/genomic/fish/Chrysophrys/auratus/Transcriptome/ExperimentRequestor11004/AGRF_CAGRF230213448_HHLWVDSX7/SNA_70_mid_HHLWVDSX7_GGCCAATATT-TATCGGACCG_L004_R1.fastq.gz,/input/genomic/fish/Chrysophrys/auratus/Transcriptome/ExperimentRequestor11004/AGRF_CAGRF230213448_HHLWVDSX7/SNA_70_mid_HHLWVDSX7_GGCCAATATT-TATCGGACCG_L004_R2.fastq.gz,reverse
71_M3,/input/genomic/fish/Chrysophrys/auratus/Transcriptome/ExperimentRequestor11004/AGRF_CAGRF230213448_HHLWVDSX7/SNA_71_mid_HHLWVDSX7_CACCTGTTGC-ATGTGTCAAT_L004_R1.fastq.gz,/input/genomic/fish/Chrysophrys/auratus/Transcriptome/ExperimentRequestor11004/AGRF_CAGRF230213448_HHLWVDSX7/SNA_71_mid_HHLWVDSX7_CACCTGTTGC-ATGTGTCAAT_L004_R2.fastq.gz,reverse
73_M3,/input/genomic/fish/Chrysophrys/auratus/Transcriptome/ExperimentRequestor11004/AGRF_CAGRF230213448_HHLWVDSX7/SNA_73_mid_HHLWVDSX7_CGTCACCTTG-CAATCGGCTG_L004_R1.fastq.gz,/input/genomic/fish/Chrysophrys/auratus/Transcriptome/ExperimentRequestor11004/AGRF_CAGRF230213448_HHLWVDSX7/SNA_73_mid_HHLWVDSX7_CGTCACCTTG-CAATCGGCTG_L004_R2.fastq.gz,reverse
74_M3,/input/genomic/fish/Chrysophrys/auratus/Transcriptome/ExperimentRequestor11004/AGRF_CAGRF230213448_HHLWVDSX7/SNA_74_mid_HHLWVDSX7_CTTAAGTCGA-ACAACTACTG_L004_R1.fastq.gz,/input/genomic/fish/Chrysophrys/auratus/Transcriptome/ExperimentRequestor11004/AGRF_CAGRF230213448_HHLWVDSX7/SNA_74_mid_HHLWVDSX7_CTTAAGTCGA-ACAACTACTG_L004_R2.fastq.gz,reverse
79_M3,/input/genomic/fish/Chrysophrys/auratus/Transcriptome/ExperimentRequestor11004/AGRF_CAGRF230213448_HHLWVDSX7/SNA_79_mid_HHLWVDSX7_GCCTAACGTG-CTTGAGAGCT_L004_R1.fastq.gz,/input/genomic/fish/Chrysophrys/auratus/Transcriptome/ExperimentRequestor11004/AGRF_CAGRF230213448_HHLWVDSX7/SNA_79_mid_HHLWVDSX7_GCCTAACGTG-CTTGAGAGCT_L004_R2.fastq.gz,reverse
131_M4,/input/genomic/fish/Chrysophrys/auratus/Transcriptome/ExperimentRequestor11004/AGRF_CAGRF230213448_HHLWVDSX7/SNA_131_mid_HHLWVDSX7_AATGACTGGT-ACGCGTGAGA_L004_R1.fastq.gz,/input/genomic/fish/Chrysophrys/auratus/Transcriptome/ExperimentRequestor11004/AGRF_CAGRF230213448_HHLWVDSX7/SNA_131_mid_HHLWVDSX7_AATGACTGGT-ACGCGTGAGA_L004_R2.fastq.gz,reverse
135_M4,/input/genomic/fish/Chrysophrys/auratus/Transcriptome/ExperimentRequestor11004/AGRF_CAGRF230213448_HHLWVDSX7/SNA_135_mid_HHLWVDSX7_ATGATTCCGG-CACGTCAGAG_L004_R1.fastq.gz,/input/genomic/fish/Chrysophrys/auratus/Transcriptome/ExperimentRequestor11004/AGRF_CAGRF230213448_HHLWVDSX7/SNA_135_mid_HHLWVDSX7_ATGATTCCGG-CACGTCAGAG_L004_R2.fastq.gz,reverse
139_M4,/input/genomic/fish/Chrysophrys/auratus/Transcriptome/ExperimentRequestor11004/AGRF_CAGRF230213448_HHLWVDSX7/SNA_139_mid_HHLWVDSX7_TTAGGCTCAA-TTCCATTCGA_L004_R1.fastq.gz,/input/genomic/fish/Chrysophrys/auratus/Transcriptome/ExperimentRequestor11004/AGRF_CAGRF230213448_HHLWVDSX7/SNA_139_mid_HHLWVDSX7_TTAGGCTCAA-TTCCATTCGA_L004_R2.fastq.gz,reverse
140_M4,/input/genomic/fish/Chrysophrys/auratus/Transcriptome/ExperimentRequestor11004/AGRF_CAGRF230213448_HHLWVDSX7/SNA_140_mid_HHLWVDSX7_TGTAAGGTGG-CCAAGGCCTT_L004_R1.fastq.gz,/input/genomic/fish/Chrysophrys/auratus/Transcriptome/ExperimentRequestor11004/AGRF_CAGRF230213448_HHLWVDSX7/SNA_140_mid_HHLWVDSX7_TGTAAGGTGG-CCAAGGCCTT_L004_R2.fastq.gz,reverse
144_M4,/input/genomic/fish/Chrysophrys/auratus/Transcriptome/ExperimentRequestor11004/AGRF_CAGRF230213448_HHLWVDSX7/SNA_144_mid_HHLWVDSX7_ACTTACTTCA-TAATTCCAGA_L004_R1.fastq.gz,/input/genomic/fish/Chrysophrys/auratus/Transcriptome/ExperimentRequestor11004/AGRF_CAGRF230213448_HHLWVDSX7/SNA_144_mid_HHLWVDSX7_ACTTACTTCA-TAATTCCAGA_L004_R2.fastq.gz,reverse
146_M4,/input/genomic/fish/Chrysophrys/auratus/Transcriptome/ExperimentRequestor11004/AGRF_CAGRF230213448_HHLWVDSX7/SNA_146_mid_HHLWVDSX7_CGCATTCCGT-CTCCACTAAT_L004_R1.fastq.gz,/input/genomic/fish/Chrysophrys/auratus/Transcriptome/ExperimentRequestor11004/AGRF_CAGRF230213448_HHLWVDSX7/SNA_146_mid_HHLWVDSX7_CGCATTCCGT-CTCCACTAAT_L004_R2.fastq.gz,reverse
152_M4,/input/genomic/fish/Chrysophrys/auratus/Transcriptome/ExperimentRequestor11004/AGRF_CAGRF230213448_HHLWVDSX7/SNA_152_mid_HHLWVDSX7_GATATCACAC-ACATATAGTC_L004_R1.fastq.gz,/input/genomic/fish/Chrysophrys/auratus/Transcriptome/ExperimentRequestor11004/AGRF_CAGRF230213448_HHLWVDSX7/SNA_152_mid_HHLWVDSX7_GATATCACAC-ACATATAGTC_L004_R2.fastq.gz,reverse
